{
    "tasks": [
        {
            "profileName": "OpenGL",
            "sources": [
                "https://raw.githubusercontent.com/KhronosGroup/OpenGL-Registry/master/xml/gl.xml"
            ],
            "mode": "ConvertConstruct",
            "cacheDir": "build/cache",
            "cacheKey": "glcore",
            "controlDescriptors": [],
            "converter": {
                "reader": "gl",
                "constructor": "gl",
                "className": "GL"
            },
            "prefix": "gl",
            "clang": {},
            "bakery": {
                "profileNames": [
                    "glcore"
                ]
            },
            "output": {
                "mode": "Default",
                "path": "src/OpenGL",
                "licenseFile": "build/LICENSE_HEADER.txt",
                "props": "build/props/bindings.props"
            },
            "rename": {
                "Buffer": "BufferKind"
            },
            "namespace": "Silk.NET.OpenGL",
            "overloadExclusions": {
                "RefOverloader": [
                    "glBinormalPointerEXT",
                    "glColorPointer",
                    "glColorPointerEXT",
                    "glEdgeFlagPointer",
                    "glFogCoordPointer",
                    "glFogCoordPointerEXT",
                    "glIndexPointer",
                    "glIndexPointerEXT",
                    "glInterleavedArrays",
                    "glMatrixIndexPointerARB",
                    "glMatrixIndexPointerOES",
                    "glNormalPointer",
                    "glNormalPointerEXT",
                    "glPointSizePointerOES",
                    "glSecondaryColorPointer",
                    "glSecondaryColorPointerEXT",
                    "glTangentPointerEXT",
                    "glTexCoordPointer",
                    "glTexCoordPointerEXT",
                    "glTexCoordPointer",
                    "glVariantPointerEXT",
                    "glVertexAttribIPointer",
                    "glVertexAttribIPointerEXT",
                    "glVertexAttribLPointer",
                    "glVertexAttribLPointerEXT",
                    "glVertexAttribPointer",
                    "glVertexAttribPointerARB",
                    "glVertexAttribPointerNV",
                    "glVertexPointer",
                    "glVertexPointerEXT",
                    "glVertexWeightPointerEXT",
                    "glWeightPointerARB",
                    "glWeightPointerOES",
                    "glElementPointerAPPLE",
                    "glElementPointerATI",
                    "glMultiTexCoordPointerEXT",
                    "glPointSizePointerOES"
                ]
            },
            "extensionsNamespace": "Silk.NET.OpenGL.Extensions",
            "typeMaps": [
                {
                    "$include.glTypeMap": "build/gl_typemap.json"
                },
                {
                    "$include.commonTypeMap": "build/csharp_typemap.json"
                }
            ]
        },
        {
            "profileName": "OpenGL (Compatibility Profile)",
            "sources": [
                "https://raw.githubusercontent.com/KhronosGroup/OpenGL-Registry/master/xml/gl.xml"
            ],
            "mode": "ConvertConstruct",
            "cacheDir": "build/cache",
            "cacheKey": "gl",
            "controlDescriptors": [],
            "converter": {
                "reader": "gl",
                "constructor": "gl",
                "className": "GL"
            },
            "prefix": "gl",
            "clang": {},
            "bakery": {
                "profileNames": [
                    "gl"
                ]
            },
            "output": {
                "mode": "Default",
                "path": "src/OpenGL",
                "licenseFile": "build/LICENSE_HEADER.txt",
                "props": "build/props/bindings.props"
            },
            "rename": {
                "Buffer": "BufferKind"
            },
            "namespace": "Silk.NET.OpenGL.Legacy",
            "extensionsNamespace": "Silk.NET.OpenGL.Legacy.Extensions",
            "overloadExclusions": {
                "RefOverloader": [
                    "glBinormalPointerEXT",
                    "glColorPointer",
                    "glColorPointerEXT",
                    "glEdgeFlagPointer",
                    "glFogCoordPointer",
                    "glFogCoordPointerEXT",
                    "glIndexPointer",
                    "glIndexPointerEXT",
                    "glInterleavedArrays",
                    "glMatrixIndexPointerARB",
                    "glMatrixIndexPointerOES",
                    "glNormalPointer",
                    "glNormalPointerEXT",
                    "glPointSizePointerOES",
                    "glSecondaryColorPointer",
                    "glSecondaryColorPointerEXT",
                    "glTangentPointerEXT",
                    "glTexCoordPointer",
                    "glTexCoordPointerEXT",
                    "glTexCoordPointer",
                    "glVariantPointerEXT",
                    "glVertexAttribIPointer",
                    "glVertexAttribIPointerEXT",
                    "glVertexAttribLPointer",
                    "glVertexAttribLPointerEXT",
                    "glVertexAttribPointer",
                    "glVertexAttribPointerARB",
                    "glVertexAttribPointerNV",
                    "glVertexPointer",
                    "glVertexPointerEXT",
                    "glVertexWeightPointerEXT",
                    "glWeightPointerARB",
                    "glWeightPointerOES",
                    "glElementPointerAPPLE",
                    "glElementPointerATI",
                    "glMultiTexCoordPointerEXT",
                    "glPointSizePointerOES"
                ]
            },
            "typeMaps": [
                {
                    "$include.glTypeMap": "build/gl_typemap.json"
                },
                {
                    "$include.commonTypeMap": "build/csharp_typemap.json"
                }
            ]
        },
        {
            "profileName": "OpenGLES",
            "sources": [
                "https://raw.githubusercontent.com/KhronosGroup/OpenGL-Registry/master/xml/gl.xml"
            ],
            "mode": "ConvertConstruct",
            "cacheDir": "build/cache",
            "cacheKey": "gles2",
            "controlDescriptors": [],
            "converter": {
                "reader": "gl",
                "constructor": "gl",
                "className": "GL"
            },
            "prefix": "gl",
            "clang": {},
            "bakery": {
                "profileNames": [
                    "gles2"
                ]
            },
            "output": {
                "mode": "Default",
                "path": "src/OpenGL",
                "licenseFile": "build/LICENSE_HEADER.txt",
                "props": "build/props/bindings.props"
            },
            "rename": {
                "Buffer": "BufferKind"
            },
            "namespace": "Silk.NET.OpenGLES",
            "extensionsNamespace": "Silk.NET.OpenGLES.Extensions",
            "overloadExclusions": {
                "RefOverloader": [
                    "glBinormalPointerEXT",
                    "glColorPointer",
                    "glColorPointerEXT",
                    "glEdgeFlagPointer",
                    "glFogCoordPointer",
                    "glFogCoordPointerEXT",
                    "glIndexPointer",
                    "glIndexPointerEXT",
                    "glInterleavedArrays",
                    "glMatrixIndexPointerARB",
                    "glMatrixIndexPointerOES",
                    "glNormalPointer",
                    "glNormalPointerEXT",
                    "glPointSizePointerOES",
                    "glSecondaryColorPointer",
                    "glSecondaryColorPointerEXT",
                    "glTangentPointerEXT",
                    "glTexCoordPointer",
                    "glTexCoordPointerEXT",
                    "glTexCoordPointer",
                    "glVariantPointerEXT",
                    "glVertexAttribIPointer",
                    "glVertexAttribIPointerEXT",
                    "glVertexAttribLPointer",
                    "glVertexAttribLPointerEXT",
                    "glVertexAttribPointer",
                    "glVertexAttribPointerARB",
                    "glVertexAttribPointerNV",
                    "glVertexPointer",
                    "glVertexPointerEXT",
                    "glVertexWeightPointerEXT",
                    "glWeightPointerARB",
                    "glWeightPointerOES",
                    "glElementPointerAPPLE",
                    "glElementPointerATI",
                    "glMultiTexCoordPointerEXT",
                    "glPointSizePointerOES"
                ]
            },
            "typeMaps": [
                {
                    "$include.glTypeMap": "build/gl_typemap.json"
                },
                {
                    "$include.commonTypeMap": "build/csharp_typemap.json"
                }
            ]
        },
        {
            "profileName": "OpenCL",
            "sources": [
                "https://raw.githubusercontent.com/KhronosGroup/OpenCL-Docs/master/xml/cl.xml"
            ],
            "mode": "ConvertConstruct",
            "cacheDir": "build/cache",
            "cacheKey": "cl",
            "controlDescriptors": [],
            "converter": {
                "reader": "cl",
                "constructor": "cl",
                "className": "CL"
            },
            "prefix": "cl",
            "clang": {},
            "bakery": {
                "profileNames": [
                    "opencl"
                ]
            },
            "output": {
                "mode": "Default",
                "path": "src/OpenCL",
                "licenseFile": "build/LICENSE_HEADER.txt",
                "props": "build/props/bindings.props"
            },
            "namespace": "Silk.NET.OpenCL",
            "extensionsNamespace": "Silk.NET.OpenCL.Extensions",
            "nameContainer": {
                "linux-x64": "libOpenCL.so.1",
                "win-x64": "opencl.dll",
                "win-x86": "opencl.dll",
                "osx-x64": "/System/Library/Frameworks/OpenCL.framework/OpenCL",
                "android": "libOpenCL.so",
                "iOS": "/System/Library/Frameworks/OpenCL.framework/OpenCL",
                "className": "OpenCLLibraryNameContainer"
            },
            "typeMaps": [
                {
                    "char": "byte",
                    "ID3D10Buffer*": "void*",
                    "ID3D10Texture2D*": "void*",
                    "ID3D10Texture3D*": "void*",
                    "ID3D11Buffer*": "void*",
                    "ID3D11Texture2D*": "void*",
                    "ID3D11Texture3D*": "void*",
                    "ID3D11Device*": "void*",
                    "ID3D12Device*": "void*",
                    "ID3D12Resource*": "void*",
                    "ID3D12CommandQueue*": "void*",
                    "IDirect3DSurface9*": "void*",
                    "DXGI_FORMAT": "uint",
                    "VAImageFormat*": "void*",
                    "D3DFORMAT": "uint"
                },
                {
                    "cl_GLsync": "intptr_t",
                    "cl_accelerator_intel": "intptr_t",
                    "cl_platform_id": "intptr_t",
                    "cl_device_id": "intptr_t",
                    "cl_context": "intptr_t",
                    "cl_command_queue": "intptr_t",
                    "cl_mem": "intptr_t",
                    "cl_program": "intptr_t",
                    "cl_kernel": "intptr_t",
                    "cl_event": "intptr_t",
                    "cl_sampler": "intptr_t",
                    "cl_GLint": "cl_int",
                    "cl_GLenum": "cl_uint",
                    "cl_GLuint": "cl_uint",
                    "cl_d3d11_device_source_khr": "cl_uint",
                    "cl_d3d11_device_set_khr": "cl_uint",
                    "cl_dx9_media_adapter_type_khr": "cl_uint",
                    "cl_dx9_media_adapter_set_khr": "cl_uint",
                    "cl_d3d10_device_source_khr": "cl_uint",
                    "cl_d3d10_device_set_khr": "cl_uint",
                    "cl_dx9_device_source_intel": "cl_uint",
                    "cl_dx9_device_set_intel": "cl_uint",
                    "cl_accelerator_type_intel": "cl_uint",
                    "cl_accelerator_info_intel": "cl_uint",
                    "cl_diagnostics_verbose_level": "cl_uint",
                    "cl_va_api_device_source_intel": "cl_uint",
                    "cl_va_api_device_set_intel": "cl_uint",
                    "CLeglImageKHR": "intptr_t",
                    "CLeglDisplayKHR": "intptr_t",
                    "CLeglSyncKHR": "intptr_t",
                    "cl_egl_image_properties_khr": "intptr_t",
                    "cl_device_partition_property_ext": "cl_ulong",
                    "cl_mem_migration_flags_ext": "CLenum",
                    "cl_image_pitch_info_qcom": "cl_uint",
                    "cl_image_format": "cl_uint",
                    "cl_queue_priority_khr": "cl_uint",
                    "cl_queue_throttle_khr": "cl_uint",
                    "cl_import_properties_arm": "intptr_t",
                    "cl_svm_mem_flags_arm": "CLenum",
                    "cl_kernel_exec_info_arm": "cl_uint",
                    "cl_device_svm_capabilities_arm": "CLenum",
                    "cl_gl_context_info": "cl_uint",
                    "cl_gl_object_type": "cl_uint",
                    "cl_gl_texture_info": "cl_uint",
                    "cl_gl_platform_info": "cl_uint",
                    "cl_bool": "bool",
                    "CLenum": "cl_ulong",
                    "cl_device_type": "CLenum",
                    "cl_platform_info": "cl_uint",
                    "cl_device_info": "cl_uint",
                    "cl_device_fp_config": "CLenum",
                    "cl_device_mem_cache_type": "cl_uint",
                    "cl_device_local_mem_type": "cl_uint",
                    "cl_device_exec_capabilities": "CLenum",
                    "cl_device_svm_capabilities": "CLenum",
                    "cl_command_queue_properties": "CLenum",
                    "cl_device_partition_property": "intptr_t",
                    "cl_device_affinity_domain": "CLenum",
                    "cl_context_properties": "intptr_t",
                    "cl_context_info": "cl_uint",
                    "cl_queue_properties": "CLenum",
                    "cl_queue_properties_khr": "CLenum",
                    "cl_command_queue_info": "cl_uint",
                    "cl_channel_order": "cl_uint",
                    "cl_channel_type": "cl_uint",
                    "cl_mem_flags": "CLenum",
                    "cl_svm_mem_flags": "CLenum",
                    "cl_mem_object_type": "cl_uint",
                    "cl_mem_info": "cl_uint",
                    "cl_mem_migration_flags": "CLenum",
                    "cl_image_info": "cl_uint",
                    "cl_buffer_create_type": "cl_uint",
                    "cl_addressing_mode": "cl_uint",
                    "cl_filter_mode": "cl_uint",
                    "cl_sampler_info": "cl_uint",
                    "cl_map_flags": "CLenum",
                    "cl_pipe_properties": "intptr_t",
                    "cl_pipe_info": "cl_uint",
                    "cl_program_info": "cl_uint",
                    "cl_program_build_info": "cl_uint",
                    "cl_program_binary_type": "cl_uint",
                    "cl_build_status": "cl_int",
                    "cl_kernel_info": "cl_uint",
                    "cl_kernel_arg_info": "cl_uint",
                    "cl_kernel_arg_address_qualifier": "cl_uint",
                    "cl_kernel_arg_access_qualifier": "cl_uint",
                    "cl_kernel_arg_type_qualifier": "CLenum",
                    "cl_kernel_work_group_info": "cl_uint",
                    "cl_kernel_sub_group_info": "cl_uint",
                    "cl_event_info": "cl_uint",
                    "cl_command_type": "cl_uint",
                    "cl_profiling_info": "cl_uint",
                    "cl_sampler_properties": "CLenum",
                    "cl_kernel_exec_info": "cl_uint",
                    "cl_device_unified_shared_memory_capabilities_intel": "CLenum",
                    "cl_mem_properties_intel": "CLenum",
                    "cl_mem_alloc_flags_intel": "CLenum",
                    "cl_mem_info_intel": "cl_uint",
                    "cl_unified_shared_memory_type_intel": "cl_uint",
                    "cl_mem_migration_flags_intel": "CLenum",
                    "cl_mem_advice_intel": "cl_uint",
                    "cl_version": "cl_uint",
                    "cl_mem_properties": "CLenum",
                    "cl_mipmap_filter_mode_img": "CLenum",
                    "cl_command_queue_capabilities_intel": "CLenum",
                    "cl_icd_dispatch": "void",
                    "cl_layer_info": "uint",
                    "cl_semaphore_khr": "intptr_t",
                    "cl_semaphore_properties_khr": "cl_ulong",
                    "cl_semaphore_info_khr": "CLenum",
                    "cl_semaphore_type_khr": "CLenum",
                    "cl_semaphore_payload_khr": "cl_ulong",
                    "cl_external_semaphore_handle_type_khr": "cl_uint",
                    "cl_external_memory_handle_type_khr": "cl_uint",
                    "cl_device_command_buffer_capabilities_khr": "cl_bitfield",
                    "cl_sync_point_khr": "cl_uint",
                    "cl_command_buffer_info_khr": "cl_uint",
                    "cl_command_buffer_state_khr": "cl_uint",
                    "cl_command_buffer_properties_khr": "cl_properties",
                    "cl_command_buffer_flags_khr": "cl_bitfield",
                    "cl_ndrange_kernel_command_properties_khr": "cl_properties",
                    "cl_mutable_command_khr": "intptr_t",
                    "cl_command_buffer_khr": "intptr_t"
                },
                {
                    "$include.commonTypeMap": "build/csharp_typemap.json"
                }
            ]
        },
        {
            "profileName": "Vulkan",
            "sources": [
                "https://raw.githubusercontent.com/KhronosGroup/Vulkan-Docs/main/xml/vk.xml"
            ],
            "mode": "ConvertConstruct",
            "cacheDir": "build/cache",
            "cacheKey": "vulkan",
            "controlDescriptors": [],
            "converter": {
                "reader": "vk",
                "constructor": "vk",
                "className": "Vk"
            },
            "prefix": "vk",
            "clang": {},
            "bakery": {
                "profileNames": [
                    "vulkan"
                ]
            },
            "exclude": [
                "VkAabbPositionsKHR",
                "VkAabbPositionsNV"
            ],
            "output": {
                "mode": "Default",
                "path": "src/Vulkan",
                "licenseFile": "build/LICENSE_HEADER.txt",
                "props": "build/props/bindings.props",
                "inject": [
                    {
                        "functions": [
                            "vkCreateInstance"
                        ],
                        "stage": "end",
                        "code": "if (%$RESULT$% == Result.Success) { CurrentInstance = *%$PARAM(pInstance)$%; }"
                    },
                    {
                        "functions": [
                            "vkCreateDevice"
                        ],
                        "stage": "end",
                        "code": "if (%$RESULT$% == Result.Success) { CurrentDevice = *%$PARAM(pDevice)$%; }"
                    }
                ]
            },
            "namespace": "Silk.NET.Vulkan",
            "extensionsNamespace": "Silk.NET.Vulkan.Extensions",
            "nameContainer": {
                "linux-x64": "libvulkan.so.1",
                "win-x64": "vulkan-1.dll",
                "win-x86": "vulkan-1.dll",
                "osx-x64": "libMoltenVK.dylib",
                "android": "libvulkan.so",
                "iOS": "__Internal",
                "className": "VulkanLibraryNameContainer"
            },
            "typeMaps": [
                {
                    "PFN_vkInternalAllocationNotification": "PfnInternalAllocationNotification",
                    "PFN_vkInternalFreeNotification": "PfnInternalFreeNotification",
                    "PFN_vkReallocationFunction": "PfnReallocationFunction",
                    "PFN_vkAllocationFunction": "PfnAllocationFunction",
                    "PFN_vkFreeFunction": "PfnFreeFunction",
                    "PFN_vkVoidFunction": "PfnVoidFunction",
                    "PFN_vkDebugReportCallbackEXT": "PfnDebugReportCallbackEXT",
                    "PFN_vkDebugUtilsMessengerCallbackEXT": "PfnDebugUtilsMessengerCallbackEXT",
                    "PFN_vkDeviceMemoryReportCallbackEXT": "PfnDeviceMemoryReportCallbackEXT",
                    "char": "byte",
                    "Window": "nint",
                    "VkAabbPositionsKHR": "Silk.NET.Maths.Box3D<float>",
                    "VkAabbPositionsNV": "Silk.NET.Maths.Box3D<float>"
                },
                {
                    "StdVideoDecodeH264PictureInfo": "Video.StdVideoDecodeH264PictureInfo",
                    "StdVideoDecodeH264ReferenceInfo": "Video.StdVideoDecodeH264ReferenceInfo",
                    "StdVideoDecodeH264Mvc":  "Video.StdVideoDecodeH264Mvc",
                    "StdVideoH264ProfileIdc":  "Video.StdVideoH264ProfileIdc",
                    "StdVideoH264SequenceParameterSet": "Video.StdVideoH264SequenceParameterSet",
                    "StdVideoH264PictureParameterSet": "Video.StdVideoH264PictureParameterSet",
                    "StdVideoEncodeH264PictureInfo": "Video.StdVideoEncodeH264PictureInfo",
                    "StdVideoEncodeH264SliceHeader": "Video.StdVideoEncodeH264SliceHeader",
                    "StdVideoDecodeH265ReferenceInfo": "Video.StdVideoDecodeH265ReferenceInfo",
                    "StdVideoDecodeH265PictureInfo": "Video.StdVideoDecodeH265PictureInfo",
                    "StdVideoH265ProfileIdc": "Video.StdVideoH265ProfileIdc",
                    "StdVideoH265SequenceParameterSet": "Video.StdVideoH265SequenceParameterSet",
                    "StdVideoH265PictureParameterSet": "Video.StdVideoH265PictureParameterSet",
                    "StdVideoEncodeH265ReferenceInfo": "Video.StdVideoEncodeH265ReferenceInfo",
                    "StdVideoEncodeH265SliceHeader": "Video.StdVideoEncodeH265SliceHeader",
                    "StdVideoEncodeH265ReferenceModifications": "Video.StdVideoEncodeH265ReferenceModifications",
                    "StdVideoH265VideoParameterSet": "Video.StdVideoH265VideoParameterSet",
                    "StdVideoEncodeH265PictureInfo": "Video.StdVideoEncodeH265PictureInfo"
                },
                {
                    "$include.commonTypeMap": "build/csharp_typemap.json"
                }
            ]
        },
        {
            "profileName": "Vulkan Video",
            "sources": [
                "src/Vulkan/vk_video.h"
            ],
            "mode": "Clang",
            "cacheDir": "build/cache",
            "cacheKey": "vulkan_video",
            "controlDescriptors": [
                "convert-windows-only",
                "no-csproj",
                "no-extra-dir",
                "no-name-container"
            ],
            "prefix": "",
            "clang": {
                "args": [
                    "--language=c++",
                    "--std=c++17",
                    "-m32",
                    "-Wno-expansion-to-defined",
                    "-Wno-ignored-attributes",
                    "-Wno-ignored-pragma-intrinsic",
                    "-Wno-nonportable-include-path",
                    "-Wno-pragma-pack",
                    "-I$windowsSdkIncludes",
                    "-Ibuild/submodules/Vulkan-Headers/include"
                ],
                "traverse": [
                    "build/submodules/Vulkan-Headers/include/vk_video/*.h"
                ],
                "classes": {
                    "vk_video.h": "[Core]VkVideo"
                }
            },
            "exclude": [
            ],
            "rename": {
            },
            "bakery": {
                "profileNames": [
                    "vk_video"
                ]
            },
            "output": {
                "mode": "Default",
                "path": "src/Vulkan/Silk.NET.Vulkan/Video",
                "licenseFile": "build/LICENSE_HEADER.txt",
                "props": "build/props/bindings.props"
            },
            "namespace": "Silk.NET.Vulkan.Video",
            "extensionsNamespace": "Silk.NET.Vulkan.Video.Extensions",
            "typeMaps": [
                {
                    "$include.commonTypeMap": "build/csharp_typemap.json"
                }
            ]
        },
        {
            "profileName": "Assimp",
            "sources": [
                "src/Assimp/Include/assimp.h"
            ],
            "mode": "Clang",
            "cacheDir": "build/cache",
            "cacheKey": "assimp",
            "controlDescriptors": [
                "convert-windows-only",
                "BUG: The descriptor below is because MSVC is currently invalid.",
                "     The combination of convert-windows-only and convert-macos-only means that it will never convert",
                "     Remove this once 16.9 Preview 2 has released."
            ],
            "converter": {},
            "prefix": "ai",
            "clang": {
                "args": [
                    "--language=c++",
                    "--std=c++17",
                    "-m32",
                    "-Wno-expansion-to-defined",
                    "-Wno-ignored-attributes",
                    "-Wno-ignored-pragma-intrinsic",
                    "-Wno-nonportable-include-path",
                    "-Wno-pragma-pack",
                    "-I$windowsSdkIncludes",
                    "-Isrc/Assimp/Include"
                ],
                "traverse": [
                    "src/Assimp/Include/assimp/cexport.h",
                    "src/Assimp/Include/assimp/cfileio.h",
                    "src/Assimp/Include/assimp/cimport.h",
                    "src/Assimp/Include/assimp/types.h",
                    "src/Assimp/Include/assimp/importerdesc.h",
                    "src/Assimp/Include/assimp/material.h",
                    "src/Assimp/Include/assimp/version.h",
                    "src/Assimp/Include/assimp/texture.h",
                    "src/Assimp/Include/assimp/mesh.h",
                    "src/Assimp/Include/assimp/light.h",
                    "src/Assimp/Include/assimp/camera.h",
                    "src/Assimp/Include/assimp/anim.h",
                    "src/Assimp/Include/assimp/metadata.h",
                    "src/Assimp/Include/assimp/scene.h",
                    "src/Assimp/Include/assimp/aabb.h"
                ],
                "classes": {
                    "assimp.h": "[Core]Assimp"
                }
            },
            "exclude": [
                "aiColor3D",
                "ai_real",
                "_AI_ENFORCE_ENUM_SIZE",
                "_aiAnimBehaviour_Force32Bit",
                "_aiBlendMode_Force32Bit",
                "_AI_DLS_ENFORCE_ENUM_SIZE",
                "_aiLightSource_Force32Bit",
                "FORCE_32BIT",
                "_aiMorphingMethod_Force32Bit",
                "_AI_ORIGIN_ENFORCE_ENUM_SIZE",
                "_aiPrimitiveType_Force32Bit",
                "_aiPTI_Force32Bit",
                "_aiShadingMode_Force32Bit",
                "_aiTextureFlags_Force32Bit",
                "_aiTextureMapMode_Force32Bit",
                "_aiTextureMapping_Force32Bit",
                "_aiTextureOp_Force32Bit",
                "_aiTextureType_Force32Bit",
                "aiAABB",
                "aiMatrix3x3"
            ],
            "rename": {
                "aiString": "AssimpString"
            },
            "bakery": {
                "profileNames": [
                    "assimp"
                ]
            },
            "output": {
                "mode": "Default",
                "path": "src/Assimp",
                "licenseFile": "build/LICENSE_HEADER.txt",
                "props": "build/props/bindings.props"
            },
            "namespace": "Silk.NET.Assimp",
            "extensionsNamespace": "Silk.NET.Assimp.Extensions",
            "nameContainer": {
                "linux-x64": "libassimp.so.5",
                "win-x64": "Assimp64.dll",
                "win-x86": "Assimp32.dll",
                "osx-x64": "libassimp.5.dylib",
                "android": "libassimp.so.5",
                "iOS": "__Internal",
                "className": "AssimpLibraryNameContainer"
            },
            "typeMaps": [
                {
                    "aiVector3D": "System.Numerics.Vector3",
                    "aiColor4D": "System.Numerics.Vector4",
                    "aiColor3D": "System.Numerics.Vector3",
                    "aiVector2D": "System.Numerics.Vector2",
                    "aiQuaternion": "System.Numerics.Quaternion",
                    "aiMatrix4x4": "System.Numerics.Matrix4x4",
                    "aiMatrix3x3": "Silk.NET.Maths.Matrix3X3<float>",
                    "aiAABB": "Silk.NET.Maths.Box3D<float>",
                    "ai_real": "float"
                },
                {
                    "$include.commonTypeMap": "build/csharp_typemap.json"
                }
            ]
        },
        {
            "profileName": "OpenXR",
            "sources": [
                "https://raw.githubusercontent.com/KhronosGroup/OpenXR-SDK-Source/master/specification/registry/xr.xml"
            ],
            "mode": "ConvertConstruct",
            "cacheDir": "build/cache",
            "cacheKey": "openxr",
            "controlDescriptors": [],
            "converter": {
                "reader": "vk",
                "constructor": "vk",
                "className": "XR"
            },
            "prefix": "xr",
            "clang": {},
            "bakery": {
                "profileNames": [
                    "openxr"
                ]
            },
            "output": {
                "mode": "Default",
                "path": "src/OpenXR",
                "licenseFile": "build/LICENSE_HEADER.txt",
                "props": "build/props/bindings.props",
                "inject": [
                    {
                        "functions": [
                            "xrCreateInstance"
                        ],
                        "stage": "end",
                        "code": "if (%$RESULT$% == Result.Success) { CurrentInstance = *%$PARAM(instance)$%; }"
                    }
                ]
            },
            "namespace": "Silk.NET.OpenXR",
            "extensionsNamespace": "Silk.NET.OpenXR.Extensions",
            "nameContainer": {
                "linux-x64": "libopenxr_loader.so.1",
                "win-x64": "openxr_loader.dll",
                "win-x86": "openxr_loader.dll",
                "osx-x64": "null",
                "android": "libopenxr_loader.so.1",
                "iOS": "__Internal",
                "className": "OpenXRLibraryNameContainer"
            },
            "exclude": [
                "XrUuidMSFT",
                "XrSceneSphereBoundMSFT",
                "XrVector4sFB"
            ],
            "typeMaps": [
                {
                    "char": "byte",
                    "XR_DEFINE_ATOM": "uint64_t",
                    "LUID": "ulong",
                    "D3D_FEATURE_LEVEL": "uint",
                    "VkInstance": "Silk.NET.Core.Native.VkHandle",
                    "VkPhysicalDevice": "Silk.NET.Core.Native.VkHandle",
                    "VkImage": "ulong",
                    "VkDevice": "Silk.NET.Core.Native.VkHandle",
                    "_comment_0": "Dunno, should we give vkGetInstanceProcAddr its own pfn & delegate?",
                    "PFN_vkGetInstanceProcAddr": "PfnVoidFunction",
                    "VkInstanceCreateInfo*": "void*",
                    "VkAllocationCallbacks*": "void*",
                    "VkDeviceCreateInfo*": "void*",
                    "VkResult": "uint",
                    "PFN_xrVoidFunction": "PfnVoidFunction",
                    "PFN_xrDebugUtilsMessengerCallbackEXT": "PfnDebugUtilsMessengerCallbackEXT",
                    "_comment_1": "Dunno, should we give eglGetProcAddress its own pfn & delegate?",
                    "PFNEGLGETPROCADDRESSPROC": "PfnVoidFunction",
                    "ID3D11Buffer*": "void*",
                    "ID3D11Texture2D*": "void*",
                    "ID3D11Texture3D*": "void*",
                    "ID3D11Device*": "void*",
                    "ID3D12Device*": "void*",
                    "ID3D12Resource*": "void*",
                    "ID3D12CommandQueue*": "void*",
                    "IUnknown*": "Silk.NET.Core.Native.IUnknown*",
                    "EGLDisplay": "nint",
                    "EGLConfig": "nint",
                    "EGLContext": "nint",
                    "GLXFBConfig": "nint",
                    "VkFormat": "uint",
                    "EGLenum":  "uint",
                    "XrUuidMSFT": "Guid",
                    "XrSceneSphereBoundMSFT": "Silk.NET.Maths.Sphere<float>",
                    "VkSamplerMipmapMode": "uint",
                    "VkComponentSwizzle": "uint",
                    "VkSamplerAddressMode": "uint",
                    "VkFilter": "uint",
                    "XrVector4sFB": "Silk.NET.Maths.Vector4D<short>"
                },
                {
                    "$include.commonTypeMap": "build/csharp_typemap.json"
                }
            ]
        },
        {
            "profileName": "SDL",
            "sources": [
                "build/submodules/SDL/include/SDL.h",
                "build/submodules/SDL/include/SDL_vulkan.h"
            ],
            "mode": "Clang",
            "cacheDir": "build/cache",
            "cacheKey": "sdl",
            "controlDescriptors": [
                "convert-windows-only"
            ],
            "converter": {},
            "prefix": "sdl",
            "clang": {
                "args": [
                    "--language=c++",
                    "--std=c++17",
                    "-m64",
                    "-Wno-expansion-to-defined",
                    "-Wno-ignored-attributes",
                    "-Wno-ignored-pragma-intrinsic",
                    "-Wno-nonportable-include-path",
                    "-Wno-pragma-pack",
                    "-I$windowsSdkIncludes",
                    "-Ibuild/submodules/SDL/include",
                    "-D__IPHONEOS__",
                    "-D__ANDROID__",
                    "-D__WIN32__",
                    "-D__WINRT__",
                    "-D__LINUX__"
                ],
                "traverse": [
                    "!build/submodules/SDL/include/SDL_rwops.h",
                    "build/submodules/SDL/include/*.h"
                ],
                "classes": {
                    "SDL.h": "[Core]Sdl",
                    "SDL_vulkan.h": "[Core]Sdl"
                }
            },
            "exclude": [
                "VkSurfaceKHR",
                "VkInstance",
                "ID3D11Device",
                "SDL_main",
                "SDL_SysWMmsg",
                "SDL_Rect"
            ],
            "rename": {
                "__AnonymousEnum_SDL_shape_L80_C9": "WindowShapeModeVal",
                "__AnonymousEnum_SDL_stdinc_L167_C9": "SdlBool",
                "_comment_0": "Remove this in 3.0, use native names",
                "__AnonymousRecord_SDL_gamecontroller_L87_C5": "GameControllerBindValue",
                "__AnonymousRecord_SDL_gamecontroller_L91_C9": "GameControllerHatValue",
                "_SDL_Haptic": "Haptic",
                "_SDL_GameController": "GameController",
                "_SDL_Joystick": "Joystick",
                "_SDL_AudioStream": "AudioStream",
                "_SDL_iconv_t": "Icon",
                "_SDL_Sensor": "Sensor"
            },
            "bakery": {
                "profileNames": [
                    "SDL",
                    "SDL_vulkan"
                ]
            },
            "output": {
                "mode": "Default",
                "path": "src/Windowing",
                "licenseFile": "build/LICENSE_HEADER.txt",
                "props": "build/props/bindings.props",
                "conditional": {
                    "$override(0)": [
                        "SDL_Android.*",
                        "SDL_Direct3D9.*",
                        "SDL_DXGI.*",
                        "SDL_GetAndroidSDKVersion",
                        "SDL_IsAndroidTV",
                        "SDL_IsChromebook",
                        "SDL_IsDeXMode",
                        "SDL_RegisterApp",
                        "SDL_RenderGetD3D9Device",
                        "SDL_SetWindowsMessageHook",
                        "SDL_UnregisterApp",
                        "SDL_WinRT.*",
                        "__debugbreak"
                    ]
                }
            },
            "namespace": "Silk.NET.SDL",
            "extensionsNamespace": "Silk.NET.SDL.Extensions",
            "nameContainer": {
                "linux-x64": "libSDL2-2.0.so",
                "win-x64": "SDL2.dll",
                "win-x86": "SDL2.dll",
                "osx-x64": "libSDL2-2.0.dylib",
                "android": "libSDL2.so",
                "iOS": "__Internal",
                "className": "SDLLibraryNameContainer"
            },
            "typeMaps": [
                {
                    "$typemapPrecedesInjections": "true",
                    "WindowShapeMode": "WindowShapeModeVal",
                    "SDL_RWops": "RWops",
                    "VkInstance": "Silk.NET.Core.Native.VkHandle",
                    "VkSurfaceKHR": "Silk.NET.Core.Native.VkNonDispatchableHandle",
                    "SDL_SysWMmsg": "SysWMMsg",
                    "SDL_Rect": "Silk.NET.Maths.Rectangle<int>",
                    "SDL_bool": "SdlBool",
                    "ID3D11Device": "Silk.NET.Core.Native.IUnknown"
                },
                {
                    "$include.commonTypeMap": "build/csharp_typemap.json"
                }
            ]
        },
        {
            "profileName": "Core",
            "sources": [
                "$windowsSdkDir/Include/$windowsSdkVersion/um/d3dcommon.h"
            ],
            "mode": "Clang",
            "cacheDir": "build/cache",
            "cacheKey": "core",
            "controlDescriptors": [
                "convert-windows-only",
                "no-csproj",
                "no-extra-dir",
                "no-name-container"
            ],
            "prefix": "",
            "clang": {
                "args": [
                    "--language=c++",
                    "--std=c++17",
                    "-m32",
                    "-Wno-expansion-to-defined",
                    "-Wno-ignored-attributes",
                    "-Wno-ignored-pragma-intrinsic",
                    "-Wno-nonportable-include-path",
                    "-Wno-pragma-pack",
                    "-I$windowsSdkIncludes",
                    "-Ibuild/include"
                ],
                "traverse": [
                ],
                "classes": {
                    "d3dcommon.h": "[Core]D3DCommon"
                }
            },
            "exclude": [
            ],
            "rename": {
                "_D3D_CBUFFER_TYPE": "D3DCBufferType",
                "_D3D_SHADER_CBUFFER_FLAGS": "D3DShaderCBufferFlags"
            },
            "bakery": {
                "profileNames": [
                    "d3dcommon"
                ]
            },
            "output": {
                "mode": "Default",
                "path": "src/Core/Silk.NET.Core/Native",
                "licenseFile": "build/LICENSE_HEADER.txt",
                "props": "build/props/bindings.props"
            },
            "namespace": "Silk.NET.Core.Native",
            "extensionsNamespace": "Silk.NET.Core.Native",
            "typeMaps": [
                {
                    "$include.dxTypemap": "build/dx_typemap.json",
                    "$include.commonTypeMap": "build/csharp_typemap.json"
                }
            ]
        },
        {
            "profileName": "Win32Extras",
            "sources": [
                "src/Core/Silk.NET.Core/win32extras.h"
            ],
            "mode": "Clang",
            "cacheDir": "build/cache",
            "cacheKey": "win32extras",
            "controlDescriptors": [
                "convert-windows-only",
                "no-name-container"
            ],
            "prefix": "",
            "clang": {
                "args": [
                    "--language=c++",
                    "--std=c++17",
                    "-m32",
                    "-Wno-expansion-to-defined",
                    "-Wno-ignored-attributes",
                    "-Wno-ignored-pragma-intrinsic",
                    "-Wno-nonportable-include-path",
                    "-Wno-pragma-pack",
                    "-I$windowsSdkIncludes",
                    "-Ibuild/include"
                ],
                "traverse": [
                    "$windowsSdkDir/Include/$windowsSdkVersion/shared/evntrace.h",
                    "$windowsSdkDir/Include/$windowsSdkVersion/um/minwinbase.h",
                    "$windowsSdkDir/Include/$windowsSdkVersion/um/timezoneapi.h",
                    "$windowsSdkDir/Include/$windowsSdkVersion/um/winnt.h"
                ],
                "classes": {
                    "win32extras.h": "[Core]Windows"
                }
            },
            "exclude": [
                "_SECURITY_ATTRIBUTES"
            ],
            "rename": {
                "ETW_COMPRESSION_RESUMPTION_MODE": "EtwCompressionResumptionMode"
            },
            "bakery": {
                "profileNames": [
                    "win32extras"
                ]
            },
            "output": {
                "mode": "Default",
                "path": "src/Core",
                "licenseFile": "build/LICENSE_HEADER.txt",
                "props": "build/props/bindings.props"
            },
            "namespace": "Silk.NET.Core.Win32Extras",
            "extensionsNamespace": "Silk.NET.Core.Win32Extras",
            "typeMaps": [
                {
                    "WMIDPREQUESTCODE": "Wmidprequestcode",
                    "_SECURITY_ATTRIBUTES": "Silk.NET.Core.Native.SecurityAttributes",
                    "_FILETIME": "Filetime",
                    "_TIME_ZONE_INFORMATION": "TimeZoneInformation",
                    "_WNODE_HEADER": "WnodeHeader",
                    "_EXCEPTION_RECORD": "ExceptionRecord"
                },
                {
                    "$include.dxTypemap": "build/dx_typemap.json",
                    "$include.commonTypeMap": "build/csharp_typemap.json"
                }
            ]
        },
        {
            "profileName": "DXGI",
            "sources": [
                "$windowsSdkDir/Include/$windowsSdkVersion/shared/dxgi.h",
                "$windowsSdkDir/Include/$windowsSdkVersion/shared/dxgi1_2.h",
                "$windowsSdkDir/Include/$windowsSdkVersion/shared/dxgi1_3.h",
                "$windowsSdkDir/Include/$windowsSdkVersion/shared/dxgi1_4.h",
                "$windowsSdkDir/Include/$windowsSdkVersion/shared/dxgi1_5.h",
                "$windowsSdkDir/Include/$windowsSdkVersion/shared/dxgi1_6.h",
                "$windowsSdkDir/Include/$windowsSdkVersion/um/dxgidebug.h",
                "$windowsSdkDir/Include/$windowsSdkVersion/shared/dxgiformat.h"
            ],
            "mode": "Clang",
            "cacheDir": "build/cache",
            "cacheKey": "dxgi",
            "controlDescriptors": [
                "convert-windows-only"
            ],
            "converter": {},
            "prefix": "DXGI",
            "clang": {
                "args": [
                    "--language=c++",
                    "--std=c++17",
                    "-m32",
                    "-Wno-expansion-to-defined",
                    "-Wno-ignored-attributes",
                    "-Wno-ignored-pragma-intrinsic",
                    "-Wno-nonportable-include-path",
                    "-Wno-pragma-pack",
                    "-I$windowsSdkIncludes",
                    "-Ibuild/include"
                ],
                "traverse": [
                    "$windowsSdkDir/Include/$windowsSdkVersion/shared/dxgicommon.h",
                    "$windowsSdkDir/Include/$windowsSdkVersion/shared/dxgitype.h"
                ],
                "classes": {
                    "dxgi.h": "[Core]DXGI",
                    "dxgi1_2.h": "[Core]DXGI",
                    "dxgi1_3.h": "[Core]DXGI",
                    "dxgi1_4.h": "[Core]DXGI",
                    "dxgi1_5.h": "[Core]DXGI",
                    "dxgi1_6.h": "[Core]DXGI",
                    "dxgidebug.h": "[Core]DXGI",
                    "dxgiformat.h": "[Core]DXGI"
                }
            },
            "exclude": [
            ],
            "rename": {
            },
            "bakery": {
                "profileNames": [
                    "dxgi",
                    "dxgi1_2",
                    "dxgi1_3",
                    "dxgi1_4",
                    "dxgi1_5",
                    "dxgi1_6",
                    "dxgidebug",
                    "dxgiformat"
                ]
            },
            "output": {
                "mode": "Default",
                "path": "src/Microsoft",
                "licenseFile": "build/LICENSE_HEADER.txt",
                "props": "build/props/bindings.props"
            },
            "namespace": "Silk.NET.DXGI",
            "extensionsNamespace": "Silk.NET.DXGI.Extensions",
            "nameContainer": {
                "linux-x64": "libDXGI.so",
                "win-x64": "DXGI.dll",
                "win-x86": "DXGI.dll",
                "osx-x64": "libDXGI.dylib",
                "android": "libDXGI.so",
                "iOS": "__Internal",
                "className": "DXGILibraryNameContainer"
            },
            "typeMaps": [
                {
                    "$include.dxTypemap": "build/dx_typemap.json",
                    "$include.commonTypeMap": "build/csharp_typemap.json"
                }
            ]
        },
        {
            "profileName": "DXVA",
            "sources": [
                "src/Microsoft/dxva.h"
            ],
            "mode": "Clang",
            "cacheDir": "build/cache",
            "cacheKey": "dxva",
            "controlDescriptors": [
                "convert-windows-only"
            ],
            "converter": {},
            "prefix": "DXVA",
            "clang": {
                "args": [
                    "--language=c++",
                    "--std=c++17",
                    "-m32",
                    "-Wno-expansion-to-defined",
                    "-Wno-ignored-attributes",
                    "-Wno-ignored-pragma-intrinsic",
                    "-Wno-nonportable-include-path",
                    "-Wno-pragma-pack",
                    "-I$windowsSdkIncludes",
                    "-Ibuild/include"
                ],
                "traverse": [
                    "$windowsSdkDir/Include/$windowsSdkVersion/um/dxva.h",
                    "$windowsSdkDir/Include/$windowsSdkVersion/um/dxva2api.h",
                    "$windowsSdkDir/Include/$windowsSdkVersion/um/dxva2swdev.h",
                    "$windowsSdkDir/Include/$windowsSdkVersion/um/dxva2trace.h",
                    "$windowsSdkDir/Include/$windowsSdkVersion/um/dxva9typ.h",
                    "$windowsSdkDir/Include/$windowsSdkVersion/um/dxvahd.h"
                ],
                "classes": {
                    "dxva.h": "[Core]DXVA",
                    "dxva2api.h": "[Core]DXVA",
                    "dxva2swdev.h": "[Core]DXVA",
                    "dxva2trace.h": "[Core]DXVA",
                    "dxva9typ.h": "[Core]DXVA",
                    "dxvahd.h": "[Core]DXVA"
                }
            },
            "exclude": [
            ],
            "rename": {
                "_DXVA2_VIDEOSAMPLE": "DXVA2VideoSample"
            },
            "bakery": {
                "profileNames": [
                    "dxva",
                    "dxva2api",
                    "dxva2swdev",
                    "dxva2trace",
                    "dxva2typ",
                    "dxvahd"
                ]
            },
            "output": {
                "mode": "Default",
                "path": "src/Microsoft",
                "licenseFile": "build/LICENSE_HEADER.txt",
                "props": "build/props/bindings.props"
            },
            "namespace": "Silk.NET.DXVA",
            "extensionsNamespace": "Silk.NET.DXVA.Extensions",
            "nameContainer": {
                "linux-x64": "libdxva2.so",
                "win-x64": "dxva2.dll",
                "win-x86": "dxva2.dll",
                "osx-x64": "libdxva2.dylib",
                "android": "libdxva2.so",
                "iOS": "__Internal",
                "className": "DXVA2LibraryNameContainer"
            },
            "typeMaps": [
                {
                    "IDirect3DDevice9Ex": "Silk.NET.Direct3D9.IDirect3DDevice9Ex",
                    "IDirect3DDevice9": "Silk.NET.Direct3D9.IDirect3DDevice9",
                    "IDirect3DSurface9": "Silk.NET.Direct3D9.IDirect3DSurface9",
                    "_D3DFORMAT": "Silk.NET.Direct3D9.Format",
                    "_D3DPOOL": "Silk.NET.Direct3D9.Pool",
                    "_EVENT_TRACE_HEADER": "Silk.NET.Core.Win32Extras.EventTraceHeader"
                },
                {
                    "$include.dxTypemap": "build/dx_typemap.json",
                    "$include.commonTypeMap": "build/csharp_typemap.json"
                }
            ]
        },
        {
            "profileName": "D3D11",
            "sources": [
                "$windowsSdkDir/Include/$windowsSdkVersion/um/d3d11.h",
                "$windowsSdkDir/Include/$windowsSdkVersion/um/d3d11_1.h",
                "$windowsSdkDir/Include/$windowsSdkVersion/um/d3d11_2.h",
                "$windowsSdkDir/Include/$windowsSdkVersion/um/d3d11_3.h",
                "$windowsSdkDir/Include/$windowsSdkVersion/um/d3d11_4.h",
                "$windowsSdkDir/Include/$windowsSdkVersion/um/d3d11shader.h",
                "$windowsSdkDir/Include/$windowsSdkVersion/um/d3d11shadertracing.h",
                "$windowsSdkDir/Include/$windowsSdkVersion/um/d3d11sdklayers.h"
            ],
            "mode": "Clang",
            "cacheDir": "build/cache",
            "cacheKey": "d3d11",
            "controlDescriptors": [
                "convert-windows-only"
            ],
            "converter": {},
            "prefix": "D3D11",
            "clang": {
                "args": [
                    "--language=c++",
                    "--std=c++17",
                    "-m32",
                    "-Wno-expansion-to-defined",
                    "-Wno-ignored-attributes",
                    "-Wno-ignored-pragma-intrinsic",
                    "-Wno-nonportable-include-path",
                    "-Wno-pragma-pack",
                    "-I$windowsSdkIncludes",
                    "-Ibuild/include"
                ],
                "traverse": [
                ],
                "classes": {
                    "d3d11.h": "[Core]D3D11",
                    "d3d11_1.h": "[Core]D3D11",
                    "d3d11_2.h": "[Core]D3D11",
                    "d3d11_3.h": "[Core]D3D11",
                    "d3d11_4.h": "[Core]D3D11",
                    "d3d11shader.h": "[Core]D3D11",
                    "d3d11shadertracing.h": "[Core]D3D11",
                    "d3d11sdklayers.h": "[Core]D3D11"
                }
            },
            "exclude": [
            ],
            "rename": {
                "D3D11_OMAC": "OMAC"
            },
            "bakery": {
                "profileNames": [
                    "d3d11",
                    "d3d11_1",
                    "d3d11_2",
                    "d3d11_3",
                    "d3d11_4",
                    "d3d11shader",
                    "d3d11shadertracing",
                    "d3d11sdklayers"
                ]
            },
            "output": {
                "mode": "Default",
                "path": "src/Microsoft",
                "licenseFile": "build/LICENSE_HEADER.txt",
                "props": "build/props/bindings.props"
            },
            "namespace": "Silk.NET.Direct3D11",
            "extensionsNamespace": "Silk.NET.Direct3D11.Extensions",
            "nameContainer": {
                "linux-x64": "libd3d11.so",
                "win-x64": "d3d11.dll",
                "win-x86": "d3d11.dll",
                "osx-x64": "libd3d11.dylib",
                "android": "libd3d11.so",
                "iOS": "__Internal",
                "className": "D3D11LibraryNameContainer"
            },
            "typeMaps": [
                {
                    "D3D11_AUTHENTICATED_PROTECTION_FLAGS::__MIDL___MIDL_itf_d3d11_0000_0034_0001": "MIDLMIDLItfD3d11000000340001"
                },
                {
                    "$include.dxTypemap": "build/dx_typemap.json",
                    "$include.commonTypeMap": "build/csharp_typemap.json"
                }
            ]
        },
        {
            "profileName": "D3D12",
            "sources": [
                "$windowsSdkDir/Include/$windowsSdkVersion/um/d3d12.h",
                "$windowsSdkDir/Include/$windowsSdkVersion/um/d3d12shader.h",
                "$windowsSdkDir/Include/$windowsSdkVersion/um/d3d12video.h",
                "$windowsSdkDir/Include/$windowsSdkVersion/um/d3d12sdklayers.h"
            ],
            "mode": "Clang",
            "cacheDir": "build/cache",
            "cacheKey": "d3d12",
            "controlDescriptors": [
                "convert-windows-only"
            ],
            "converter": {},
            "prefix": "D3D12",
            "clang": {
                "args": [
                    "--language=c++",
                    "--std=c++17",
                    "-m32",
                    "-Wno-expansion-to-defined",
                    "-Wno-ignored-attributes",
                    "-Wno-ignored-pragma-intrinsic",
                    "-Wno-nonportable-include-path",
                    "-Wno-pragma-pack",
                    "-I$windowsSdkIncludes",
                    "-Ibuild/include"
                ],
                "traverse": [
                ],
                "classes": {
                    "d3d12.h": "[Core]D3D12",
                    "d3d12shader.h": "[Core]D3D12",
                    "d3d12video.h": "[Core]D3D12",
                    "d3d12sdklayers.h": "[Core]D3D12"
                }
            },
            "exclude": [
                "D3D12_RAYTRACING_AABB"
            ],
            "rename": {
                "D3D12_NODE_MASK": "D3D12NodeMask"
            },
            "bakery": {
                "profileNames": [
                    "d3d12",
                    "d3d12shader",
                    "d3d12video",
                    "d3d12sdklayers"
                ]
            },
            "output": {
                "mode": "Default",
                "path": "src/Microsoft",
                "licenseFile": "build/LICENSE_HEADER.txt",
                "props": "build/props/bindings.props"
            },
            "namespace": "Silk.NET.Direct3D12",
            "extensionsNamespace": "Silk.NET.Direct3D12.Extensions",
            "nameContainer": {
                "linux-x64": "libD3D12.so",
                "win-x64": "D3D12.dll",
                "win-x86": "D3D12.dll",
                "osx-x64": "libD3D12.dylib",
                "android": "libD3D12.so",
                "iOS": "__Internal",
                "className": "D3D12LibraryNameContainer"
            },
            "typeMaps": [
                {
                    "$include.dxTypemap": "build/dx_typemap.json",
                    "$include.commonTypeMap": "build/csharp_typemap.json"
                }
            ]
        },
        {
            "profileName": "D3D9",
            "sources": [
                "src/Microsoft/Silk.NET.Direct3D9/D3D9.h"
            ],
            "mode": "Clang",
            "cacheDir": "build/cache",
            "cacheKey": "d3d9",
            "controlDescriptors": [
                "convert-windows-only"
            ],
            "converter": {},
            "prefix": "D3D",
            "clang": {
                "args": [
                    "--language=c++",
                    "--std=c++17",
                    "-m64",
                    "-Wno-expansion-to-defined",
                    "-Wno-ignored-attributes",
                    "-Wno-ignored-pragma-intrinsic",
                    "-Wno-nonportable-include-path",
                    "-Wno-pragma-pack",
                    "-I$windowsSdkIncludes",
                    "-Ibuild/include"
                ],
                "traverse": [
                    "$windowsSdkDir/Include/$windowsSdkVersion/um/d3d.h",
                    "$windowsSdkDir/Include/$windowsSdkVersion/um/d3d9helper.h",
                    "$windowsSdkDir/Include/$windowsSdkVersion/shared/d3d9.h",
                    "$windowsSdkDir/Include/$windowsSdkVersion/shared/d3d9caps.h",
                    "$windowsSdkDir/Include/$windowsSdkVersion/shared/d3d9types.h"
                ],
                "classes": {
                    "D3D9.h": "[Core]D3D9"
                }
            },
            "exclude": [
                "__AnonymousRecord_d3d9types_L93_C9",
                "__AnonymousRecord_d3d9types_L92_C5",
                "_D3DMATRIX"
            ],
            "rename": {
                "_D3D_OMAC": "D3DOMac"
            },
            "bakery": {
                "profileNames": [
                    "D3D9"
                ]
            },
            "output": {
                "mode": "Default",
                "path": "src/Microsoft",
                "licenseFile": "build/LICENSE_HEADER.txt",
                "props": "build/props/bindings.props"
            },
            "namespace": "Silk.NET.Direct3D9",
            "extensionsNamespace": "Silk.NET.Direct3D9.Extensions",
            "nameContainer": {
                "linux-x64": "libd3d9.so",
                "win-x64": "d3d9.dll",
                "win-x86": "d3d9.dll",
                "osx-x64": "libd3d9.dylib",
                "android": "libd3d9.so",
                "iOS": "__Internal",
                "className": "D3D9LibraryNameContainer"
            },
            "typeMaps": [
                {
                    "_RGNDATA": "RGNData",
                    "_D3DMATRIX": "System.Numerics.Matrix4x4"
                },
                {
                    "$include.dxTypemap": "build/dx_typemap.json",
                    "$include.commonTypeMap": "build/csharp_typemap.json"
                }
            ]
        },
        {
            "profileName": "DXC",
            "sources": [
                "src/Microsoft/Silk.NET.Direct3D.Compilers/DXC.h"
            ],
            "mode": "Clang",
            "cacheDir": "build/cache",
            "cacheKey": "dxc",
            "controlDescriptors": [
                "convert-windows-only",
                "no-csproj"
            ],
            "prefix": "Dxc",
            "clang": {
                "args": [
                    "--language=c++",
                    "--std=c++17",
                    "-m32",
                    "-Wno-expansion-to-defined",
                    "-Wno-ignored-attributes",
                    "-Wno-ignored-pragma-intrinsic",
                    "-Wno-nonportable-include-path",
                    "-Wno-pragma-pack",
                    "-I$windowsSdkIncludes",
                    "-Ibuild/include"
                ],
                "traverse": [
                    "$windowsSdkDir/Include/$windowsSdkVersion/um/dxcapi.h"
                ],
                "classes": {
                    "DXC.h": "[Core]DXC"
                }
            },
            "exclude": [
            ],
            "rename": {
            },
            "bakery": {
                "profileNames": [
                    "DXC"
                ]
            },
            "output": {
                "mode": "Default",
                "path": "src/Microsoft",
                "licenseFile": "build/LICENSE_HEADER.txt",
                "props": "build/props/bindings.props"
            },
            "namespace": "Silk.NET.Direct3D.Compilers",
            "extensionsNamespace": "Silk.NET.Direct3D.Compilers.Extensions",
            "nameContainer": {
                "linux-x64": "libdxcompiler.so",
                "win-x64": "dxcompiler.dll",
                "win-x86": "dxcompiler.dll",
                "osx-x64": "libdxcompiler.dylib",
                "android": "libdxcompiler.so",
                "iOS": "__Internal",
                "className": "DXCLibraryNameContainer"
            },
            "typeMaps": [
                {
                    "IStream": "void"
                },
                {
                    "$include.dxTypemap": "build/dx_typemap.json",
                    "$include.commonTypeMap": "build/csharp_typemap.json"
                }
            ]
        },
        {
            "profileName": "D3DCompiler",
            "sources": [
                "$windowsSdkDir/Include/$windowsSdkVersion/um/d3dcompiler.h"
            ],
            "mode": "Clang",
            "cacheDir": "build/cache",
            "cacheKey": "d3dcompiler",
            "controlDescriptors": [
                "convert-windows-only"
            ],
            "prefix": "D3D",
            "clang": {
                "args": [
                    "--language=c++",
                    "--std=c++17",
                    "-m32",
                    "-Wno-expansion-to-defined",
                    "-Wno-ignored-attributes",
                    "-Wno-ignored-pragma-intrinsic",
                    "-Wno-nonportable-include-path",
                    "-Wno-pragma-pack",
                    "-I$windowsSdkIncludes",
                    "-Ibuild/include"
                ],
                "traverse": [
                ],
                "classes": {
                    "d3dcompiler.h": "[Core]D3DCompiler"
                }
            },
            "exclude": [
            ],
            "rename": {
            },
            "bakery": {
                "profileNames": [
                    "d3dcompiler"
                ]
            },
            "output": {
                "mode": "Default",
                "path": "src/Microsoft",
                "licenseFile": "build/LICENSE_HEADER.txt",
                "props": "build/props/bindings.props"
            },
            "namespace": "Silk.NET.Direct3D.Compilers",
            "extensionsNamespace": "Silk.NET.Direct3D.Compilers.Extensions",
            "nameContainer": {
                "linux-x64": "libD3DCompiler_47.so",
                "win-x64": "D3DCompiler_47.dll",
                "win-x86": "D3DCompiler_47.dll",
                "osx-x64": "libD3DCompiler_47.dylib",
                "android": "libD3DCompiler_47.so",
                "iOS": "__Internal",
                "className": "D3DCompilerLibraryNameContainer"
            },
            "typeMaps": [
                {
                    "ID3D11Module": "void",
                    "ID3D11Linker": "void",
                    "ID3D11FunctionLinkingGraph": "void",
                    "IStream": "Silk.NET.Core.Native.IStream"
                },
                {
                    "$include.dxTypemap": "build/dx_typemap.json",
                    "$include.commonTypeMap": "build/csharp_typemap.json"
                }
            ]
        },
        {
            "profileName": "XAudio",
            "_commented_out_sources": [
                "X3DAudio currently can't be parsed due to the same bug that Assimp has.",
                "(intrin.h is invalid for clang, will be fixed in VS 16.9)",
                "build/include/silk.net.xaudio.x3daudio.h"
            ],
            "sources": [
                "build/include/silk.net.xaudio.xaudio2.h",
                "build/include/silk.net.xaudio.xaudio2fx.h"
            ],
            "mode": "Clang",
            "cacheDir": "build/cache",
            "cacheKey": "xaudio",
            "controlDescriptors": [
                "convert-windows-only",
                "NOTE we'll handle the loading ourselves as it's a bit quirky here",
                "no-name-container"
            ],
            "prefix": "XAudio2",
            "clang": {
                "args": [
                    "--language=c++",
                    "--std=c++17",
                    "-m32",
                    "-Wno-expansion-to-defined",
                    "-Wno-ignored-attributes",
                    "-Wno-ignored-pragma-intrinsic",
                    "-Wno-nonportable-include-path",
                    "-Wno-pragma-pack",
                    "-I$windowsSdkIncludes",
                    "-Ibuild/include"
                ],
                "traverse": [
                    "$windowsSdkDir/Include/$windowsSdkVersion/um/xaudio2fx.h",
                    "$windowsSdkDir/Include/$windowsSdkVersion/um/xaudio2.h",
                    "$windowsSdkDir/Include/$windowsSdkVersion/um/x3daudio2.h",
                    "$windowsSdkDir/Include/$windowsSdkVersion/um/AudioSessionTypes.h"
                ],
                "classes": {
                    "silk.net.xaudio.xaudio2.h": "[Core]XAudio",
                    "silk.net.xaudio.xaudio2fx.h": "[Core]XAudioFX",
                    "silk.net.xaudio.x3daudio.h": "[Core]X3DAudio"
                }
            },
            "exclude": [
            ],
            "rename": {
            },
            "bakery": {
                "profileNames": [
                    "silk.net.xaudio.xaudio2",
                    "silk.net.xaudio.xaudio2fx",
                    "silk.net.xaudio.x3daudio"
                ]
            },
            "output": {
                "mode": "Default",
                "path": "src/Microsoft",
                "licenseFile": "build/LICENSE_HEADER.txt",
                "props": "build/props/bindings.props"
            },
            "namespace": "Silk.NET.XAudio",
            "extensionsNamespace": "Silk.NET.XAudio.Extensions",
            "typeMaps": [
                {
                    "tWAVEFORMATEX": "WaveFormatEx"
                },
                {
                    "$include.dxTypemap": "build/dx_typemap.json",
                    "$include.commonTypeMap": "build/csharp_typemap.json"
                }
            ]
        },
        {
            "profileName": "XInput",
            "sources": [
                "build/include/silk.net.xinput.xinput.h"
            ],
            "mode": "Clang",
            "cacheDir": "build/cache",
            "cacheKey": "xinput",
            "controlDescriptors": [
                "convert-windows-only"
            ],
            "prefix": "XInput",
            "clang": {
                "args": [
                    "--language=c++",
                    "--std=c++17",
                    "-m32",
                    "-Wno-expansion-to-defined",
                    "-Wno-ignored-attributes",
                    "-Wno-ignored-pragma-intrinsic",
                    "-Wno-nonportable-include-path",
                    "-Wno-pragma-pack",
                    "-I$windowsSdkIncludes",
                    "-Ibuild/include"
                ],
                "traverse": [
                    "$windowsSdkDir/Include/$windowsSdkVersion/um/Xinput.h"
                ],
                "classes": {
                    "silk.net.xinput.xinput.h": "[Core]XInput"
                }
            },
            "exclude": [
            ],
            "rename": {
            },
            "bakery": {
                "profileNames": [
                    "silk.net.xinput.xinput"
                ]
            },
            "output": {
                "mode": "Default",
                "path": "src/Microsoft",
                "licenseFile": "build/LICENSE_HEADER.txt",
                "props": "build/props/bindings.props"
            },
            "namespace": "Silk.NET.XInput",
            "extensionsNamespace": "Silk.NET.XInput.Extensions",
            "typeMaps": [
                {
                },
                {
                    "$include.dxTypemap": "build/dx_typemap.json",
                    "$include.commonTypeMap": "build/csharp_typemap.json"
                }
            ]
        },
        {
            "profileName": "D2D1",
            "sources": [
                "src/Microsoft/Silk.NET.Direct2D1/D2D1.h"
            ],
            "mode": "Clang",
            "cacheDir": "build/cache",
            "cacheKey": "d2d1",
            "controlDescriptors": [
                "convert-windows-only",
                "Currently disabled due to bakery bugs.",
                "no-convert",
                "no-bind"
            ],
            "converter": {},
            "prefix": "D2D1",
            "clang": {
                "args": [
                    "--language=c++",
                    "--std=c++17",
                    "-m32",
                    "-Wno-expansion-to-defined",
                    "-Wno-ignored-attributes",
                    "-Wno-ignored-pragma-intrinsic",
                    "-Wno-nonportable-include-path",
                    "-Wno-pragma-pack",
                    "-I$windowsSdkIncludes",
                    "-Ibuild/include"
                ],
                "traverse": [
                    "$windowsSdkDir/Include/$windowsSdkVersion/um/d2d1.h",
                    "$windowsSdkDir/Include/$windowsSdkVersion/um/d2d1effectauthor.h",
                    "$windowsSdkDir/Include/$windowsSdkVersion/um/d2d1effectauthor_1.h",
                    "$windowsSdkDir/Include/$windowsSdkVersion/um/d2d1effecthelpers.h",
                    "$windowsSdkDir/Include/$windowsSdkVersion/um/d2d1effects.h",
                    "$windowsSdkDir/Include/$windowsSdkVersion/um/d2d1effects_1.h",
                    "$windowsSdkDir/Include/$windowsSdkVersion/um/d2d1effects_2.h",
                    "$windowsSdkDir/Include/$windowsSdkVersion/um/d2d1helper.h",
                    "$windowsSdkDir/Include/$windowsSdkVersion/um/d2d1svg.h",
                    "$windowsSdkDir/Include/$windowsSdkVersion/um/d2d1_1.h",
                    "$windowsSdkDir/Include/$windowsSdkVersion/um/d2d1_1helper.h",
                    "$windowsSdkDir/Include/$windowsSdkVersion/um/d2d1_2.h",
                    "$windowsSdkDir/Include/$windowsSdkVersion/um/d2d1_2helper.h",
                    "$windowsSdkDir/Include/$windowsSdkVersion/um/d2d1_3.h",
                    "$windowsSdkDir/Include/$windowsSdkVersion/um/d2d1_3helper.h",
                    "$windowsSdkDir/Include/$windowsSdkVersion/um/d2dbasetypes.h",
                    "$windowsSdkDir/Include/$windowsSdkVersion/um/D2DErr.h"
                ],
                "classes": {
                    "D2D1.h": "[Core]D2D1"
                }
            },
            "exclude": [
            ],
            "rename": {
            },
            "bakery": {
                "profileNames": [
                    "D2D1"
                ]
            },
            "output": {
                "mode": "Default",
                "path": "src/Microsoft",
                "licenseFile": "build/LICENSE_HEADER.txt",
                "props": "build/props/bindings.props"
            },
            "namespace": "Silk.NET.Direct2D1",
            "extensionsNamespace": "Silk.NET.Direct2D1.Extensions",
            "nameContainer": {
                "linux-x64": "libd2d1.so",
                "win-x64": "d2d1.dll",
                "win-x86": "d2d1.dll",
                "osx-x64": "libd2d1.dylib",
                "android": "libd2d1.so",
                "iOS": "__Internal",
                "className": "D2D1LibraryNameContainer"
            },
            "typeMaps": [
                {
                    "$include.dxTypemap": "build/dx_typemap.json",
                    "$include.commonTypeMap": "build/csharp_typemap.json"
                }
            ]
        }
    ]
}